Lake,Year,Acan.vern,Alon.gutt,Chyd.spha,CYCLO,Daph.midd,Daph.pule,Diac.thom,EUCYC,Hesp.arct,Lept.tyrr,Macr.albi,Mean.Total
Eiffel,1975,0,0,0.000346546,0,2.193313089,0,0,0,71.16130007,0,0,73.35495971
Eiffel,2007,0,0,0,0,0.289095933,0,0,0,47.54978226,0,0,47.83887819
Eiffel,2008,0,0,0,0,8.382088238,0,0,0,335.7160356,0,0,344.0981238
Eiffel,2009,0,0,0,0,4.258646284,0,0,0,121.282242,0,0,125.5408883
Eiffel,2010,0,0,0,0,11.48656536,0,0,0,451.1212034,0,0,462.6077687
Eiffel,2011,0,0,0,0,24.13025402,0,0,0,94.28489773,0,0,118.4151517
Eiffel,2012,0,0,0,0,1.632415059,0,0,0,45.77378775,0,0,47.4062028
Eiffel,2013,0,0,0,0,7.567162992,0,0,0,190.3250994,0,0,197.8922624
