Lake,Year,Acan.vern,Alon.gutt,Chyd.spha,CYCLO,Daph.midd,Daph.pule,Diac.thom,EUCYC,Hesp.arct,Lept.tyrr,Macr.albi,Mean.Total
Hungabee,2007,0,0,0.000588613,0,146.5856946,0,0,0,377.4101163,0,0,523.9963995
Hungabee,2008,0,0,0,0,21.73133988,0,0,0,144.5011507,0,0,166.2324906
Hungabee,2009,0,0,0.000408552,0,37.85566884,0,0,0,499.9014181,0,0,537.7574955
Hungabee,2010,0,0,0,0,43.82486875,0,0,0,129.7603724,0,0,173.5852412
Hungabee,2011,0,0,0,0,14.80835589,0,0,0,255.4395958,0,0,270.2479517
Hungabee,2012,0,0,0,0,0.99343268,0,0,0,89.37004668,0,0,90.36347936
Hungabee,2013,0,0,0,0,4.449750546,0,0,0,55.75988576,0,0,60.2096363
