Lake,Year,Acan.vern,Alon.gutt,Chyd.spha,CYCLO,Daph.midd,Daph.pule,Diac.thom,EUCYC,Hesp.arct,Lept.tyrr,Macr.albi,Mean.Total
Opabin,2006,0,0,0,0,0,0,0,0,14.23656658,0,0,14.23656658
Opabin,2007,0,0,0.000103265,0.001707888,0,0,0,0,73.30684939,0,0,73.30866055
Opabin,2008,0,0,4.45919E-05,0,0.028222519,0,0,0,59.37295379,0,0,59.4012209
Opabin,2009,0,0,0.000130737,0.010811142,2.6805098,0,0,0,54.48060747,0,0,57.17205915
Opabin,2010,0,0,0,0,0.24835817,0,0,0,75.66088018,0,0,75.90923835
Opabin,2011,0,0,0,0,0,0,0,0,42.54792056,0,0,42.54792056
Opabin,2012,0,0,0,0.000737497,0.028222519,0,0,0,48.43668219,0,0,48.46564221
Opabin,2013,0,0,0,0,0.620895425,0,0,0,363.0324477,0,0,363.6533431
