Lake,Year,Acan.vern,Alon.gutt,Chyd.spha,CYCLO,Daph.midd,Daph.pule,Diac.thom,EUCYC,Hesp.arct,Lept.tyrr,Macr.albi,Mean.Total
Sentinel,1975,0,0,0,0,15.13386031,0,0,0,209.7120999,0,0,224.8459602
Sentinel,2007,0.026494627,0,0.000163504,0.002704157,1.41262894,0,0,0,22.23726427,0,0,23.6792555
Sentinel,2009,0.009377418,0,0,0,44.89907961,0,0,0,88.55356896,0,0,133.462026
Sentinel,2010,0,0,0,0,16.36749329,0,0,0,729.3788517,0,0,745.746345
Sentinel,2011,0,0,0,0,13.03880393,0,0,0,417.6652719,0,0,430.7040758
Sentinel,2012,0,0,0,0,1.334925164,0,0,0,293.1664972,0,0,294.5014224
Sentinel,2013,0,0,0,0,40.23402354,0,0,0,489.8802559,0,0,530.1142794
